{"19":10.957247649550574,"20":12.236093224211707,"21":12.886755766593668,"22":13.663770634231103,"23":14.294591671173608,"24":14.52270546850016,"25":16.022715060329247,"26":18.02300905775791}